/*
SQLyog Trial v11.01 (64 bit)
MySQL - 5.5.24-log : Database - pblog
*********************************************************************
*/

/*!40101 SET NAMES utf8 */;

/*!40101 SET SQL_MODE=''*/;

/*!40014 SET @OLD_UNIQUE_CHECKS=@@UNIQUE_CHECKS, UNIQUE_CHECKS=0 */;
/*!40014 SET @OLD_FOREIGN_KEY_CHECKS=@@FOREIGN_KEY_CHECKS, FOREIGN_KEY_CHECKS=0 */;
/*!40101 SET @OLD_SQL_MODE=@@SQL_MODE, SQL_MODE='NO_AUTO_VALUE_ON_ZERO' */;
/*!40111 SET @OLD_SQL_NOTES=@@SQL_NOTES, SQL_NOTES=0 */;
CREATE DATABASE /*!32312 IF NOT EXISTS*/`pblog` /*!40100 DEFAULT CHARACTER SET utf8 */;

USE `pblog`;

/*Table structure for table `pb_comments` */

DROP TABLE IF EXISTS `pb_comments`;

CREATE TABLE `pb_comments` (
  `comment_id` bigint(20) unsigned NOT NULL AUTO_INCREMENT,
  `post_id` bigint(20) unsigned NOT NULL DEFAULT '0',
  `comment_author` tinytext NOT NULL,
  `comment_author_email` varchar(100) NOT NULL DEFAULT '',
  `comment_author_url` varchar(200) NOT NULL DEFAULT '',
  `comment_author_IP` varchar(100) NOT NULL DEFAULT '',
  `comment_date` datetime NOT NULL DEFAULT '0000-00-00 00:00:00',
  `comment_date_gmt` datetime NOT NULL DEFAULT '0000-00-00 00:00:00',
  `comment_content` text NOT NULL,
  `comment_approved` varchar(20) NOT NULL DEFAULT 'unapproved',
  `comment_agent` varchar(255) NOT NULL DEFAULT '',
  `comment_parent` bigint(20) unsigned NOT NULL DEFAULT '0',
  `user_id` bigint(20) unsigned NOT NULL DEFAULT '0',
  PRIMARY KEY (`comment_id`),
  KEY `comment_parent` (`comment_parent`),
  KEY `comment_date_gmt` (`comment_date_gmt`),
  KEY `comment_approved_date_gmt` (`comment_approved`,`comment_date_gmt`),
  KEY `comment_post_id` (`post_id`)
) ENGINE=InnoDB AUTO_INCREMENT=26 DEFAULT CHARSET=utf8;

/*Data for the table `pb_comments` */

LOCK TABLES `pb_comments` WRITE;

insert  into `pb_comments`(`comment_id`,`post_id`,`comment_author`,`comment_author_email`,`comment_author_url`,`comment_author_IP`,`comment_date`,`comment_date_gmt`,`comment_content`,`comment_approved`,`comment_agent`,`comment_parent`,`user_id`) values (1,10,'fffffffff','ffffffff','','::1','2013-04-18 16:37:00','2013-04-18 08:47:23','dfadsfaffafadfafa','approved','Mozilla/5.0 (Windows NT 6.2; WOW64; rv:20.0) Gecko/20100101 Firefox/20.0',0,0),(2,10,'大扫荡撒','大扫荡撒','','::1','2013-04-18 16:55:52','2013-04-18 08:55:52','请书写评论...大厦大萨达','approved','Mozilla/5.0 (Windows NT 6.2; WOW64; rv:20.0) Gecko/20100101 Firefox/20.0',0,0),(3,10,'大扫荡撒','大扫荡撒','','::1','2013-04-18 16:55:52','2013-04-18 08:57:22','请书写评论...大厦大萨达','approved','Mozilla/5.0 (Windows NT 6.2; WOW64; rv:20.0) Gecko/20100101 Firefox/20.0',0,0),(4,10,'张 海','test2@2','','::1','2013-04-18 18:20:32','2013-04-18 10:20:32','请书写评论...dddddddd','approved','Mozilla/5.0 (Windows NT 6.2; WOW64; rv:20.0) Gecko/20100101 Firefox/20.0',0,4),(5,17,'张 海','test2@2','','::1','2013-04-18 19:59:27','2013-04-18 11:59:27','这是第一个测试评论','approved','Mozilla/5.0 (Windows NT 6.2; WOW64; rv:20.0) Gecko/20100101 Firefox/20.0',0,4),(6,18,'张 海','test2@2','','::1','2013-04-18 20:19:28','2013-04-18 12:19:28','请书写评论...反反复复','approved','Mozilla/5.0 (Windows NT 6.2; WOW64; rv:20.0) Gecko/20100101 Firefox/20.0',0,4),(7,10,'张 海','chingxuds@gmail.com','','::1','2013-04-18 20:20:22','2013-04-18 12:20:22','请书写评论...地对地导弹','approved','Mozilla/5.0 (Windows NT 6.2; WOW64; rv:20.0) Gecko/20100101 Firefox/20.0',0,1),(8,19,' 啊飒飒的','打算打算打算','','::1','2013-04-19 11:58:34','2013-04-19 03:58:34','请书写评论...撒打算打算倒萨打算','approved','Mozilla/5.0 (Windows NT 6.2; WOW64; rv:20.0) Gecko/20100101 Firefox/20.0',0,0),(9,10,'嗨嗨','chingxuds@gmail.com','','::1','2013-04-20 08:58:47','2013-04-20 00:58:47','顶顶顶顶顶顶顶顶顶','approved','Mozilla/5.0 (Windows NT 6.2; WOW64; rv:20.0) Gecko/20100101 Firefox/20.0',0,1),(10,21,'aaa','a@a','','::1','2013-04-20 11:42:09','2013-04-20 03:42:09','请书写评论...aaaaaa','approved','Mozilla/5.0 (Windows NT 6.2; WOW64; rv:20.0) Gecko/20100101 Firefox/20.0',0,0),(11,10,'嗨嗨','chingxuds@gmail.com','','::1','2013-04-20 12:01:40','2013-04-20 04:01:40','请书写评论...dddd','approved','Mozilla/5.0 (Windows NT 6.2; WOW64; rv:20.0) Gecko/20100101 Firefox/20.0',0,1),(12,20,'嗨嗨','chingxuds@gmail.com','','::1','2013-04-20 12:02:03','2013-04-20 04:02:03','请书写评论...ddasdas','approved','Mozilla/5.0 (Windows NT 6.2; WOW64; rv:20.0) Gecko/20100101 Firefox/20.0',0,1),(13,20,'嗨嗨','chingxuds@gmail.com','','::1','2013-04-20 12:04:25','2013-04-20 04:04:25','请书写评论...dasd','approved','Mozilla/5.0 (Windows NT 6.2; WOW64; rv:20.0) Gecko/20100101 Firefox/20.0',0,1),(14,20,'嗨嗨','chingxuds@gmail.com','','::1','2013-04-20 12:06:39','2013-04-20 04:06:39','请书写评论...ssqwwqe','approved','Mozilla/5.0 (Windows NT 6.2; WOW64; rv:20.0) Gecko/20100101 Firefox/20.0',0,1),(15,21,'嗨嗨','chingxuds@gmail.com','','::1','2013-04-22 20:26:05','2013-04-22 12:26:05','','approved','Mozilla/5.0 (Windows NT 6.2; WOW64; rv:20.0) Gecko/20100101 Firefox/20.0',0,1),(16,21,'嗨嗨','chingxuds@gmail.com','','::1','2013-04-22 20:35:11','2013-04-22 12:35:11','请书写评论...<img src=\"http://localhost/pblog/includes/kindeditor/plugins/emoticons/images/2.gif\" alt=\"\" border=\"0\" />','approved','Mozilla/5.0 (Windows NT 6.2; WOW64; rv:20.0) Gecko/20100101 Firefox/20.0',0,1),(17,23,'嗨嗨','chingxuds@gmail.com','','::1','2013-04-22 21:03:13','2013-04-22 13:03:13','是么<img src=\"http://localhost/pblog/includes/kindeditor/plugins/emoticons/images/1.gif\" alt=\"\" border=\"0\" />','approved','Mozilla/5.0 (Windows NT 6.2; WOW64; rv:20.0) Gecko/20100101 Firefox/20.0',0,1),(18,23,'嗨嗨','chingxuds@gmail.com','','::1','2013-04-22 21:20:50','2013-04-22 13:20:50','飞凤飞飞凤飞飞凤飞飞凤飞飞凤飞飞','approved','Mozilla/5.0 (Windows NT 6.2; WOW64; rv:20.0) Gecko/20100101 Firefox/20.0',0,1),(19,25,'我是大好人','woshi@da.haoren','','::1','2013-05-06 11:18:58','2013-05-06 03:18:58','支持支持','approved','Mozilla/5.0 (Windows NT 6.2; WOW64; rv:20.0) Gecko/20100101 Firefox/20.0',0,7),(20,25,'我是大好人','woshi@da.haoren','','::1','2013-05-06 11:19:10','2013-05-06 03:19:10','哈哈','approved','Mozilla/5.0 (Windows NT 6.2; WOW64; rv:20.0) Gecko/20100101 Firefox/20.0',0,7),(21,26,'倒萨案件','ccc@ddd.zzz','','::1','2013-05-06 11:36:16','2013-05-06 03:36:16','大飒飒<br />','approved','Mozilla/5.0 (Windows NT 6.2; WOW64; rv:20.0) Gecko/20100101 Firefox/20.0',0,0),(22,26,'打算打','ddd@ddd.cc','','::1','2013-05-06 11:44:51','2013-05-06 03:44:51','打算打打','del','Mozilla/5.0 (Windows NT 6.2; WOW64; rv:20.0) Gecko/20100101 Firefox/20.0',0,0),(23,25,'djaksd','aaa@aaa.com','','::1','2013-05-08 11:30:58','2013-05-08 03:30:58','这是一篇好文章','del','Mozilla/5.0 (Windows NT 6.2; WOW64) AppleWebKit/537.31 (KHTML, like Gecko) Chrome/26.0.1410.64 Safari/537.31',0,0),(24,25,'sda','dsfd','','::1','2013-05-08 11:34:17','2013-05-08 03:34:17','fdfdfd','del','Mozilla/5.0 (Windows NT 6.2; WOW64) AppleWebKit/537.31 (KHTML, like Gecko) Chrome/26.0.1410.64 Safari/537.31',0,0),(25,27,'暗示','ddd@ddd.cc','','::1','2013-05-08 14:28:01','2013-05-08 06:28:01','打算打算','del','Mozilla/5.0 (Windows NT 6.2; WOW64; rv:20.0) Gecko/20100101 Firefox/20.0',0,0);

UNLOCK TABLES;

/*Table structure for table `pb_meta` */

DROP TABLE IF EXISTS `pb_meta`;

CREATE TABLE `pb_meta` (
  `meta_id` bigint(20) unsigned NOT NULL AUTO_INCREMENT,
  `object_id` bigint(20) unsigned NOT NULL DEFAULT '0',
  `object_type` varchar(20) NOT NULL DEFAULT '',
  `meta_key` varchar(255) DEFAULT NULL,
  `meta_value` longtext,
  PRIMARY KEY (`meta_id`),
  KEY `meta_type_id_key` (`object_type`,`object_id`,`meta_key`)
) ENGINE=InnoDB AUTO_INCREMENT=21 DEFAULT CHARSET=utf8;

/*Data for the table `pb_meta` */

LOCK TABLES `pb_meta` WRITE;

insert  into `pb_meta`(`meta_id`,`object_id`,`object_type`,`meta_key`,`meta_value`) values (3,1,'user','lastname','王'),(4,1,'user','firstname','海'),(5,1,'user','tel','海'),(6,3,'user','lastname','海'),(7,3,'user','firstname','海'),(8,3,'user','tel','海'),(9,4,'user','lastname','赵'),(10,4,'user','firstname','海'),(11,4,'user','tel','海'),(12,3,'post','category','3'),(13,4,'post','category','3'),(14,5,'post','category','3'),(15,6,'post','category','3'),(16,7,'post','category','5'),(17,0,'post','category','7'),(18,8,'post','category','7'),(19,20,'post','category','0'),(20,21,'post','category','15');

UNLOCK TABLES;

/*Table structure for table `pb_posts` */

DROP TABLE IF EXISTS `pb_posts`;

CREATE TABLE `pb_posts` (
  `post_id` bigint(20) unsigned NOT NULL AUTO_INCREMENT,
  `post_author` bigint(20) unsigned NOT NULL DEFAULT '0',
  `post_category` bigint(20) unsigned NOT NULL,
  `post_date` datetime NOT NULL DEFAULT '0000-00-00 00:00:00',
  `post_date_gmt` datetime NOT NULL DEFAULT '0000-00-00 00:00:00',
  `post_content` longtext NOT NULL,
  `post_title` text NOT NULL,
  `post_excerpt` text NOT NULL,
  `post_status` varchar(20) NOT NULL DEFAULT '',
  `comment_status` varchar(20) NOT NULL DEFAULT '',
  `post_name` text NOT NULL,
  `post_modified` datetime NOT NULL DEFAULT '0000-00-00 00:00:00',
  `post_modified_gmt` datetime NOT NULL DEFAULT '0000-00-00 00:00:00',
  `post_parent` bigint(20) unsigned NOT NULL DEFAULT '0',
  `post_url` varchar(255) NOT NULL DEFAULT '',
  `post_type` varchar(20) NOT NULL DEFAULT '',
  `post_mime_type` varchar(100) NOT NULL DEFAULT '',
  `comment_count` bigint(20) NOT NULL DEFAULT '0',
  PRIMARY KEY (`post_id`),
  KEY `post_parent` (`post_parent`),
  KEY `post_author` (`post_author`),
  KEY `type_status_date` (`post_type`,`post_status`,`post_date`,`post_id`)
) ENGINE=InnoDB AUTO_INCREMENT=28 DEFAULT CHARSET=utf8;

/*Data for the table `pb_posts` */

LOCK TABLES `pb_posts` WRITE;

insert  into `pb_posts`(`post_id`,`post_author`,`post_category`,`post_date`,`post_date_gmt`,`post_content`,`post_title`,`post_excerpt`,`post_status`,`comment_status`,`post_name`,`post_modified`,`post_modified_gmt`,`post_parent`,`post_url`,`post_type`,`post_mime_type`,`comment_count`) values (2,1,3,'2013-04-12 22:55:22','2013-04-12 14:55:22','<span style=\"color:#003399;\">不</span><span style=\"font-size:16px;color:#003399;\">肥</span><span style=\"font-size:16px;color:#003399;\">不肥</span><span style=\"font-size:16px;color:#003399;\">不</span><span style=\"font-size:16px;color:#003399;\"></span>','囧了，文章全美了','不肥不肥','0','0','poywWtf0u5Znw','2013-04-23 17:10:11','2013-04-23 09:10:12',0,'/pblog/page/?id=2','post','',0),(3,1,0,'2013-04-12 22:55:22','2013-04-12 14:55:51','<span style=\"color:#003399;\">不</span><span style=\"font-size:16px;color:#003399;\">肥</span><span style=\"font-size:16px;color:#003399;\">不肥</span><span style=\"font-size:16px;color:#003399;\">不肥</span><span style=\"font-size:16px;color:#003399;\">不肥</span>','凤不肥 ','不肥不肥不肥不','1','0','poywWtf0u5Znw','2013-04-23 17:06:35','2013-04-23 09:06:35',0,'/pblog/page/?id=3','post','',0),(4,1,5,'2013-04-12 22:55:22','2013-04-12 14:56:15','<span style=\"color:#003399;\">不</span><span style=\"font-size:16px;color:#003399;\">肥</span><span style=\"font-size:16px;color:#003399;\">不肥</span><span style=\"font-size:16px;color:#003399;\">不肥</span><span style=\"font-size:16px;color:#003399;\">不肥</span>','凤不肥 ','不肥不肥不肥不','0','0','poywWtf0u5Znw','2013-04-23 17:06:35','2013-04-23 09:06:35',0,'/pblog/page/?id=4','post','',0),(5,1,0,'2013-04-12 22:55:22','2013-04-12 14:57:26','<span style=\"color:#003399;\">不</span><span style=\"font-size:16px;color:#003399;\">肥</span><span style=\"font-size:16px;color:#003399;\">不肥</span><span style=\"font-size:16px;color:#003399;\">不肥</span><span style=\"font-size:16px;color:#003399;\">不肥</span>','凤不肥 ','不肥不肥不肥不','1','0','poywWtf0u5Znw','2013-04-23 17:06:35','2013-04-23 09:06:35',0,'/pblog/page/?id=5','post','',0),(6,1,0,'2013-04-12 22:55:22','2013-04-12 14:57:59','<span style=\"color:#003399;\">不</span><span style=\"font-size:16px;color:#003399;\">肥</span><span style=\"font-size:16px;color:#003399;\">不肥</span><span style=\"font-size:16px;color:#003399;\">不肥</span><span style=\"font-size:16px;color:#003399;\">不肥</span>','凤不肥 ','不肥不肥不肥不','0','0','poywWtf0u5Znw','2013-04-23 17:06:35','2013-04-23 09:06:35',0,'/pblog/page/?id=6','post','',0),(7,1,0,'2013-04-12 23:03:49','2013-04-12 15:09:29','<span style=\"color:#003399;\">不</span><span style=\"font-size:16px;color:#003399;\">肥</span><span style=\"font-size:16px;color:#003399;\">不肥</span><span style=\"font-size:16px;color:#003399;\">不肥</span><span style=\"font-size:16px;color:#003399;\">不肥</span>','凤不肥 ','不肥不肥不肥不','0','0','poX7e52TGVHWs','2013-04-23 17:06:35','2013-04-23 09:06:35',0,'/pblog/page/?id=7','post','',0),(8,1,5,'2013-04-12 23:57:18','2013-04-12 15:57:18','<span style=\"color:#003399;\">不</span><span style=\"font-size:16px;color:#003399;\">肥</span><span style=\"font-size:16px;color:#003399;\">不肥</span><span style=\"font-size:16px;color:#003399;\">不肥</span><span style=\"font-size:16px;color:#003399;\">不肥</span>','凤不肥 ','不肥不肥不肥不','0','0','poIpvgDe3lysg','2013-04-23 17:06:35','2013-04-23 09:06:35',0,'/pblog/page/?id=8','post','',0),(9,1,0,'2013-04-14 19:06:23','2013-04-14 11:06:23','<span style=\"color:#003399;\">不</span><span style=\"font-size:16px;color:#003399;\">肥</span><span style=\"font-size:16px;color:#003399;\">不肥</span><span style=\"font-size:16px;color:#003399;\">不肥</span><span style=\"font-size:16px;color:#003399;\">不肥</span>','凤不肥 ','不肥不肥不肥不','0','0','powA/WG4glXzA','2013-04-23 17:06:35','2013-04-23 09:06:35',0,'/pblog/page/?id=9','post','',0),(10,1,0,'2013-04-14 19:07:16','2013-04-14 11:07:16','<span style=\"color:#003399;\">不</span><span style=\"font-size:16px;color:#003399;\">肥</span><span style=\"font-size:16px;color:#003399;\">不肥</span><span style=\"font-size:16px;color:#003399;\">不肥</span><span style=\"font-size:16px;color:#003399;\">不肥</span>','凤不肥 ','不肥不肥不肥不','0','0','powA/WG4glXzA','2013-04-23 17:06:35','2013-04-23 09:06:35',0,'/pblog/page/?id=10','post','',6),(11,1,0,'2013-04-14 19:07:16','2013-04-14 11:07:16','<span style=\"color:#003399;\">不</span><span style=\"font-size:16px;color:#003399;\">肥</span><span style=\"font-size:16px;color:#003399;\">不肥</span><span style=\"font-size:16px;color:#003399;\">不肥</span><span style=\"font-size:16px;color:#003399;\">不肥</span>','凤不肥 ','不肥不肥不肥不','0','0','powA/WG4glXzA','2013-04-23 17:06:35','2013-04-23 09:06:35',0,'/pblog/page/?id=11','post','',0),(12,1,0,'2013-04-14 19:07:16','2013-04-14 11:07:16','<span style=\"color:#003399;\">不</span><span style=\"font-size:16px;color:#003399;\">肥</span><span style=\"font-size:16px;color:#003399;\">不肥</span><span style=\"font-size:16px;color:#003399;\">不肥</span><span style=\"font-size:16px;color:#003399;\">不肥</span>','凤不肥 ','不肥不肥不肥不','0','0','powA/WG4glXzA','2013-04-23 17:06:35','2013-04-23 09:06:35',0,'/pblog/page/?id=12','post','',0),(13,1,0,'2013-04-14 19:07:16','2013-04-14 11:07:16','<span style=\"color:#003399;\">不</span><span style=\"font-size:16px;color:#003399;\">肥</span><span style=\"font-size:16px;color:#003399;\">不肥</span><span style=\"font-size:16px;color:#003399;\">不肥</span><span style=\"font-size:16px;color:#003399;\">不肥</span>','凤不肥 ','不肥不肥不肥不','0','0','powA/WG4glXzA','2013-04-23 17:06:35','2013-04-23 09:06:35',0,'/pblog/page/?id=13','post','',0),(14,1,0,'2013-04-14 19:07:16','2013-04-14 11:07:16','<span style=\"color:#003399;\">不</span><span style=\"font-size:16px;color:#003399;\">肥</span><span style=\"font-size:16px;color:#003399;\">不肥</span><span style=\"font-size:16px;color:#003399;\">不肥</span><span style=\"font-size:16px;color:#003399;\">不肥</span>','凤不肥 ','不肥不肥不肥不','0','0','powA/WG4glXzA','2013-04-23 17:06:35','2013-04-23 09:06:35',0,'/pblog/page/?id=14','post','',0),(15,1,37,'2013-04-14 19:07:16','2013-04-14 11:07:16','<span style=\"color:#003399;\">不</span><span style=\"font-size:16px;color:#003399;\">肥</span><span style=\"font-size:16px;color:#003399;\">不肥</span><span style=\"font-size:16px;color:#003399;\">不肥</span><span style=\"font-size:16px;color:#003399;\">不肥</span>','凤不肥 ','不肥不肥不肥不','0','0','powA/WG4glXzA','2013-04-23 17:06:35','2013-04-23 09:06:35',0,'/pblog/page/?id=15','post','',0),(16,1,0,'2013-04-14 19:07:16','2013-04-14 11:07:16','<span style=\"color:#003399;\">不</span><span style=\"font-size:16px;color:#003399;\">肥</span><span style=\"font-size:16px;color:#003399;\">不肥</span><span style=\"font-size:16px;color:#003399;\">不肥</span><span style=\"font-size:16px;color:#003399;\">不肥</span>','凤不肥 ','不肥不肥不肥不','0','0','powA/WG4glXzA','2013-04-23 17:06:35','2013-04-23 09:06:35',0,'/pblog/page/?id=16','post','',0),(17,1,0,'2013-04-18 19:57:52','2013-04-18 11:57:52','<span style=\"color:#003399;\">不</span><span style=\"font-size:16px;color:#003399;\">肥</span><span style=\"font-size:16px;color:#003399;\">不肥</span><span style=\"font-size:16px;color:#003399;\">不肥</span><span style=\"font-size:16px;color:#003399;\">不肥</span>','凤不肥 ','不肥不肥不肥不','0','0','poZb/WiaVlFjA','2013-04-23 17:06:35','2013-04-23 09:06:35',0,'/pblog/page/?id=17','post','',1),(18,1,0,'2013-04-18 20:01:20','2013-04-18 12:01:20','<span style=\"color:#003399;\">不</span><span style=\"font-size:16px;color:#003399;\">肥</span><span style=\"font-size:16px;color:#003399;\">不肥</span><span style=\"font-size:16px;color:#003399;\">不肥</span><span style=\"font-size:16px;color:#003399;\">不肥</span>','凤不肥 ','不肥不肥不肥不','0','0','pocAiC9iKZJb2','2013-04-23 17:06:35','2013-04-23 09:06:35',0,'/pblog/page/?id=18','post','',1),(19,1,0,'2013-04-19 11:57:43','2013-04-19 03:57:43','<span style=\"color:#003399;\">不</span><span style=\"font-size:16px;color:#003399;\">肥</span><span style=\"font-size:16px;color:#003399;\">不肥</span><span style=\"font-size:16px;color:#003399;\">不肥</span><span style=\"font-size:16px;color:#003399;\">不肥</span>','凤不肥 ','不肥不肥不肥不','0','0','poJPfniJSx9s6','2013-04-23 17:06:35','2013-04-23 09:06:35',0,'/pblog/page/?id=19','post','',1),(20,1,37,'2013-04-20 09:16:16','2013-04-20 01:16:16','<span style=\"color:#003399;\">不</span><span style=\"font-size:16px;color:#003399;\">肥</span><span style=\"font-size:16px;color:#003399;\">不肥</span><span style=\"font-size:16px;color:#003399;\">不肥</span><span style=\"font-size:16px;color:#003399;\">不肥</span>','凤不肥 ','不肥不肥不肥不','0','0','pocrVJke9zRX.','2013-04-23 17:06:35','2013-04-23 09:06:35',0,'/pblog/page/?id=20','post','',0),(21,1,0,'2013-04-20 09:17:08','2013-04-20 01:17:08','<span style=\"color:#003399;\">不</span><span style=\"font-size:16px;color:#003399;\">肥</span><span style=\"font-size:16px;color:#003399;\">不肥</span><span style=\"font-size:16px;color:#003399;\">不肥</span><span style=\"font-size:16px;color:#003399;\">不肥</span>','凤不肥 ','不肥不肥不肥不','0','0','poDrT8CD.wtPw','2013-04-23 17:06:35','2013-04-23 09:06:35',0,'/pblog/page/?id=21','post','',0),(22,1,0,'2013-04-22 21:00:59','2013-04-22 13:00:59','<span style=\"color:#003399;\">不</span><span style=\"font-size:16px;color:#003399;\">肥</span><span style=\"font-size:16px;color:#003399;\">不肥</span><span style=\"font-size:16px;color:#003399;\">不肥</span><span style=\"font-size:16px;color:#003399;\">不肥</span>','凤不肥 ','不肥不肥不肥不','0','0','pooIrvf6DMCDY','2013-04-23 17:06:35','2013-04-23 09:06:35',0,'/pblog/page/?id=22','post','',0),(23,1,0,'2013-04-22 21:00:59','2013-04-22 13:02:53','<span style=\"color:#003399;\">不</span><span style=\"font-size:16px;color:#003399;\">肥</span><span style=\"font-size:16px;color:#003399;\">不肥</span><span style=\"font-size:16px;color:#003399;\">不肥</span><span style=\"font-size:16px;color:#003399;\">不肥</span>','凤不肥 ','不肥不肥不肥不','0','0','pooIrvf6DMCDY','2013-04-23 17:06:35','2013-04-23 09:06:35',0,'/pblog/page/?id=23','post','',0),(24,1,0,'2013-04-23 17:03:49','2013-04-23 09:03:49','<span style=\"color:#003399;\">不</span><span style=\"font-size:16px;color:#003399;\">肥</span><span style=\"font-size:16px;color:#003399;\">不肥</span><span style=\"font-size:16px;color:#003399;\">不肥</span><span style=\"font-size:16px;color:#003399;\">不肥</span>','凤不肥 ','不肥不肥不肥不','0','0','poDrT8CD.wtPw','2013-04-23 17:06:35','2013-04-23 09:06:35',0,'/pblog/page/?id=24','post','',0),(25,7,55,'2013-05-06 11:18:20','2013-05-06 03:18:20','<div style=\"padding:0px;margin:0px;color:#444444;font-family:Tahoma, Helvetica, sans-serif, Hei;font-size:14px;font-style:normal;font-weight:normal;background-color:#C0C0C0;\" align=\"left\">\r\n	<span style=\"background-color:;\">　　首先欢迎各位米粉、机友、会员们来到MIUI社区小米手机2机型讨论版！内容丰富且容易找、整洁有序的版面、良好的秩序和交流互助氛围相信是广大会员都期望看到的，为了这样的版块，版务组制订了本规定：</span>\r\n</div>\r\n<div style=\"padding:0px;margin:0px;color:#444444;font-family:Tahoma, Helvetica, sans-serif, Hei;font-size:14px;font-style:normal;font-weight:normal;background-color:#C0C0C0;\" align=\"left\">\r\n	<span style=\"background-color:;\">　　小米2版块的定位：小米手机2机型讨论版是大家在小米手机2系统（即MIUI或者其它ROM）遇到麻烦时寻求帮助、交流和分享手机系统使用经验和技巧、发布小米手机2可用ROM的版块。</span>\r\n</div>\r\n<div style=\"padding:0px;margin:0px;color:#444444;font-family:Tahoma, Helvetica, sans-serif, Hei;font-size:14px;font-style:normal;font-weight:normal;background-color:#C0C0C0;\" align=\"left\">\r\n	<strong><span><span>一、版块总规：</span></span></strong><br />\r\n<span style=\"background-color:;\">1.严禁发布违背国家宪法规定的一切内容的信息；</span><br />\r\n<span style=\"background-color:;\">2.严禁发布任何攻击、谩骂的内容；</span><br />\r\n<span style=\"background-color:;\">3.严禁发布色情、暴力、赌博、反动等违反国家法律的相关信息；</span><br />\r\n<span style=\"background-color:;\">4.严禁发布违法国家宗教政策，宣扬封建迷信的信息；</span><br />\r\n<span style=\"background-color:;\">5.严禁发布破坏危害国家安全，国家稳定，泄露国家机密的信息；</span><br />\r\n<span style=\"background-color:;\">6.严禁侮辱诋毁他人、企业、国家的行为；</span><br />\r\n<span style=\"background-color:;\">7.严禁发布谣言、传销等扰乱社会秩序破坏社会稳定的言论等；</span><br />\r\n<span style=\"background-color:;\">8.严禁讨论涉及政治、军事、宗教等相关敏感话题；</span><br />\r\n<span style=\"background-color:;\">9.严禁发布小米公司商业机密；</span><br />\r\n<span style=\"background-color:;\">对于违反以上规定者，视情节严重程度予以扣分、警告、删帖、禁言、封ID等处理。</span>\r\n</div>\r\n<div style=\"padding:0px;margin:0px;color:#444444;font-family:Tahoma, Helvetica, sans-serif, Hei;font-size:14px;font-style:normal;font-weight:normal;background-color:#C0C0C0;\" align=\"left\">\r\n	<br />\r\n<span><span><strong>二、本版发帖行为准则：</strong></span></span><br />\r\n<span style=\"background-color:;\">1.严禁对其他会员进行恶意评分等不当行为；</span><br />\r\n<span style=\"background-color:;\">2.严禁使用色情、恐怖、低俗、广告等违规头像和签名档；</span><br />\r\n<span style=\"background-color:;\">3.严禁发布广告、恶意灌水等影响论坛正常秩序的行为；</span><br />\r\n<span style=\"background-color:;\">4.严禁上传含有木马、病毒、色情的软件、内容、链接，严禁上传与描述不相符合的软件；</span><br />\r\n<span style=\"background-color:;\">5.严禁无意义的重复发帖、投票、回复；</span><br />\r\n<span style=\"background-color:;\">6.严禁发布一切关于小米手机抢购的信息，包括晒单、抢到统计、出售、求购等；</span><br />\r\n<span><span style=\"background-color:;\">7.严禁在晒机帖内发布有关订单信息；</span><br />\r\n</span><span style=\"background-color:;\">8.严禁发布诋毁小米公司、谩骂小米公司创始人、小米公司员工、论坛社区管理员及各特殊组人员(如有问题可以向管理员反映)；</span>\r\n</div>\r\n<div style=\"padding:0px;margin:0px;color:#444444;font-family:Tahoma, Helvetica, sans-serif, Hei;font-size:14px;font-style:normal;font-weight:normal;background-color:#C0C0C0;\" align=\"left\">\r\n	<span style=\"background-color:;\">对于违反以上规定者，视情节严重程度予以扣分、警告、删帖、禁言、封ID等处理；</span><br />\r\n<span style=\"background-color:;\">对于违反以上规定的帖子，视情节严重程度酌情进行编辑、下降、关闭直至删帖操作；</span><br />\r\n<span style=\"background-color:;\">转载、引用请注明版权、出处；转帖还请注明，如原帖主人不同意转载，请不要转载。</span>\r\n</div>\r\n<div style=\"padding:0px;margin:0px;color:#444444;font-family:Tahoma, Helvetica, sans-serif, Hei;font-size:14px;font-style:normal;font-weight:normal;background-color:#C0C0C0;\" align=\"left\">\r\n	<br />\r\n<strong><span><span>三、MIUI M2机型讨论版块发帖规范：</span></span></strong><br />\r\n<span style=\"background-color:;\">1.不要发布无意义内容，如纯字母数字回复，随意输入的无意义汉字组合，重复使用同样内容回复；</span><br />\r\n<span style=\"background-color:;\">2.不要发布广告、色情、政治类内容；请勿使用不文明用语，请勿攻击其他会员；此类内容将导致帐号被禁止发言或禁止访问；</span><br />\r\n<span style=\"background-color:;\">3.不要发布与本版块定位无关的内容，如求小米论坛解封、求F码等，此类内容版主将有权在不通知楼主情况下直接删除；</span><br />\r\n<span style=\"background-color:;\">4.小米手机硬件、售前售中售后等问题，请您联系小米公司客服：</span><br />\r\n<span style=\"background-color:;\">　4.1、拨打官方客服电话4001005678；</span><br />\r\n<span style=\"background-color:;\">　4.2、发送邮件到官方客服邮箱</span><a href=\"mailto:kefu@xiaomi.com\" target=\"_blank\"><span style=\"background-color:;\">kefu@xiaomi.com</span></a><span style=\"background-color:;\">；</span><br />\r\n<span style=\"background-color:;\">　4.3、联系官方网站</span><a href=\"http://www.xiaomi.com/\" target=\"_blank\"><span style=\"background-color:;\">www.xiaomi.com</span></a><span style=\"background-color:;\">上的在线客服；</span><br />\r\n<span style=\"background-color:;\">　4.4、在新浪微博上联系@小米手机。</span><br />\r\n<span style=\"background-color:;\">5.为了让您和其它会员能够更加方便快捷地得到帮助、交流经验、发布ROM，版务组开设了“求助”“经验”和“ROM”标签，请您在发帖时选择正确的主题分类。非以上三类内容的，如和小米手机相关的资讯、消息等可以选择“其它”分类。分类不正确的主题，版主将有权扣除楼主一定数量的经验积分。本版每月主题量数以千计，版主都是义务为大家服务的，请尊重他们的劳动，理解他们的辛苦，选择正确的主题分类；</span><br />\r\n<span style=\"background-color:;\">6.发布求助类主题，请尽量说清机型（WCDMA版、CDMA版）、MIUI版本和问题情况，最好能有相应的截图（menu+音量下可截图）。这样将有助于其他会员更高效地帮助您。当您的问题得到解决后，请将主题题目中加上【已解决】，这样有便于其他会员了解问题的解决方案。</span>\r\n</div>\r\n<div style=\"padding:0px;margin:0px;color:#444444;font-family:Tahoma, Helvetica, sans-serif, Hei;font-size:14px;font-style:normal;font-weight:normal;background-color:#C0C0C0;\" align=\"left\">\r\n	<br />\r\n<strong><span><span>四、论坛特殊用户组相关介绍：</span></span></strong><br />\r\n<span style=\"background-color:;\">　　荣誉开发组：本组成员的主要组成主要是有丰富刷机和测试经验的发烧友，均为论坛活跃用户，主要职责是负责新版本系统的测试工作，也兼任一些机油问题的解答工作。</span><br />\r\n<span style=\"background-color:;\">　　解答组：该组成员主要也是论坛发烧友组成，有丰富的刷机和安卓智能手机使用经验，主要负责MIUI用户的问题解答工作。</span><br />\r\n<span style=\"background-color:;\">　　论坛版主：相关版块管理者，负责日常论坛版块建设、版规制定、投诉、举报处理、活动组织等工作。</span><br />\r\n<span style=\"background-color:;\">　　精品资源组：该组人员为论坛各位机油提供大量资源下载 。</span><br />\r\n<span style=\"background-color:;\">　　管理员：MIUI论坛的主要管理者，负责论坛建设、论坛规则制定、举报、投诉处理、活动组织策划等工作 。</span>\r\n</div>\r\n<div style=\"padding:0px;margin:0px;color:#444444;font-family:Tahoma, Helvetica, sans-serif, Hei;font-size:14px;font-style:normal;font-weight:normal;background-color:#C0C0C0;\" align=\"left\">\r\n	<br />\r\n<strong><span><span>五、奖励规范：</span></span></strong><br />\r\n<span style=\"background-color:;\">1.对于对论坛有优秀贡献的会员给予一定程度上的奖励；</span><br />\r\n<span style=\"background-color:;\">2.对于积极回答网友问题，为网友解决问题的会员将会给予一定的积分奖励；</span><br />\r\n<span style=\"background-color:;\">3.对于优秀帖子，经审核后给予置顶、加精、加亮等操作；</span><br />\r\n<span style=\"background-color:;\">4.优秀内容活动展示贴，除加分外酌情获得推荐、上升、高亮、置顶、加精、附加图章操作；</span><br />\r\n<span style=\"background-color:;\">5.优秀排版活动展示贴，除加分外酌情获得推荐、上升、高亮、置顶、加精、附加图章操作；</span><br />\r\n<span style=\"background-color:;\">6.优秀回帖，除加分外酌情获得回帖置顶操作；</span><br />\r\n<span style=\"background-color:;\">7.对于论坛有特殊贡献或是平时发贴积极、活跃的网友将优先推荐进入论坛特殊用户组。</span>\r\n</div>\r\n<div style=\"padding:0px;margin:0px;color:#444444;font-family:Tahoma, Helvetica, sans-serif, Hei;font-size:14px;font-style:normal;font-weight:normal;background-color:#C0C0C0;\" align=\"left\">\r\n	<br />\r\n<strong><span><span>六、MIUI M2机型讨论版块违规处罚准则：</span></span></strong><br />\r\n<span style=\"background-color:;\">　　如有违反版规，如：恶意灌水、违规宣传、恶意内容、人身攻击、恶意评分者，根据《MIUI社区违规处罚条例》进行处罚。</span>\r\n</div>\r\n<div style=\"padding:0px;margin:0px;color:#444444;font-family:Tahoma, Helvetica, sans-serif, Hei;font-size:14px;font-style:normal;font-weight:normal;background-color:#C0C0C0;\" align=\"left\">\r\n	<br />\r\n<span style=\"background-color:;\">具体参照：MIUI社区违规处罚条例</span>\r\n</div>\r\n<br />\r\n<div style=\"padding:0px;margin:0px;color:#444444;font-family:Tahoma, Helvetica, sans-serif, Hei;font-size:14px;font-style:normal;font-weight:normal;background-color:#C0C0C0;\" align=\"left\">\r\n	<strong><span><span>第一章 总则</span></span></strong>\r\n</div>\r\n<div style=\"padding:0px;margin:0px;color:#444444;font-family:Tahoma, Helvetica, sans-serif, Hei;font-size:14px;font-style:normal;font-weight:normal;background-color:#C0C0C0;\" align=\"left\">\r\n	<span style=\"background-color:;\">第1条 为规范会员社区行为，维护MIUI社区（以下简称社区）的正常运作和会员的基本权益，为明确各项违规行为处罚标准，特依据《MIUI社区基本管理规定》制订本条例。</span>\r\n</div>\r\n<div style=\"padding:0px;margin:0px;color:#444444;font-family:Tahoma, Helvetica, sans-serif, Hei;font-size:14px;font-style:normal;font-weight:normal;background-color:#C0C0C0;\" align=\"left\">\r\n	<strong><span><br />\r\n<span style=\"background-color:;\">第二章 各类违规详细定义</span></span></strong>\r\n</div>\r\n<div style=\"padding:0px;margin:0px;color:#444444;font-family:Tahoma, Helvetica, sans-serif, Hei;font-size:14px;font-style:normal;font-weight:normal;background-color:#C0C0C0;\" align=\"left\">\r\n	<span style=\"background-color:;\">第2条 恶意灌水定义：</span><br />\r\n<span style=\"background-color:;\">第一类：回复类</span><br />\r\n<span style=\"background-color:;\">1、字数少又毫无意义或只有寒喧话题 (谢，OK，顶，D，ding，KK⋯等等)；</span><br />\r\n<span style=\"background-color:;\">2、纯数字、英文、表情、纯乱码等灌水的 (3Q，88，9494⋯等等)；</span><br />\r\n<span style=\"background-color:;\">3、纯引用的 (一直只引用别人的帖，而没自己意见的)；</span><br />\r\n<span style=\"background-color:;\">4、纯复制别的回复回复或主题进行回复的；</span><br />\r\n<span style=\"background-color:;\">5、以赚积分为名发些毫无意义的回复（例如：小手一抖、积分拿走等的）；</span><br />\r\n<span style=\"background-color:;\">6、相似内容在不同版块，不同帖子进行回复；</span><br />\r\n<span style=\"background-color:;\">7、其它被版务组鉴定为恶意灌水的回复。</span>\r\n</div>\r\n<div style=\"padding:0px;margin:0px;color:#444444;font-family:Tahoma, Helvetica, sans-serif, Hei;font-size:14px;font-style:normal;font-weight:normal;background-color:#C0C0C0;\" align=\"left\">\r\n	<span style=\"background-color:;\">第二类：主题类</span><br />\r\n<span style=\"background-color:;\">1、发表内容与版块不符的主题；</span><br />\r\n<span style=\"background-color:;\">2、以赚钱灌水为名发些毫无意义的主题，如：如何赚钱……等等；（直接警告、删帖并违规登记）；</span><br />\r\n<span style=\"background-color:;\">3、在两个或两个以上发表相类似内容的主题。（经验帖、资源帖除外）；</span><br />\r\n<span style=\"background-color:;\">4、发表无介绍或无效的下载帖；</span><br />\r\n<span style=\"background-color:;\">5、发表明显没有话题性的主题；</span><br />\r\n<span style=\"background-color:;\">6、内容三言两语，引言等字数过少的主题；</span><br />\r\n<span style=\"background-color:;\">7、刷屏，在短时间内连续发表多个（三个以上）没有话题性的主题，并影响版面整洁（删帖勾选违规登记，并禁言三天）；</span><br />\r\n<span style=\"background-color:;\">8、其它被版务组鉴定为恶意灌水的主题。</span>\r\n</div>\r\n<div style=\"padding:0px;margin:0px;color:#444444;font-family:Tahoma, Helvetica, sans-serif, Hei;font-size:14px;font-style:normal;font-weight:normal;background-color:#C0C0C0;\" align=\"left\">\r\n	<span style=\"background-color:;\">第3条 违规宣传性内容定义：</span><br />\r\n<span style=\"background-color:;\">1、违规宣传性内容为未经允许发布的广告、推广、营销、宣传等使其他会员反感的内容；</span><br />\r\n<span style=\"background-color:;\">2. 会员可在经验帖或者资源帖放置QQ交流群，但是不能冒认官方QQ群。其它单纯介绍QQ群帖子，未经版主同意禁止发布。（屏蔽帖子）</span>\r\n</div>\r\n<div style=\"padding:0px;margin:0px;color:#444444;font-family:Tahoma, Helvetica, sans-serif, Hei;font-size:14px;font-style:normal;font-weight:normal;background-color:#C0C0C0;\" align=\"left\">\r\n	<span style=\"background-color:;\">第4条 恶意内容的定义：</span><br />\r\n<span style=\"background-color:;\">1、含有病毒、木马、恶意软件等对用户信息安全造成危害的内容；</span><br />\r\n<span style=\"background-color:;\">2、含有色情、暴力、政治等违反国家相关法律法规的内容；</span><br />\r\n<span style=\"background-color:;\">3、含有和帖中描述不一致的、不真实的内容。</span>\r\n</div>\r\n<div style=\"padding:0px;margin:0px;color:#444444;font-family:Tahoma, Helvetica, sans-serif, Hei;font-size:14px;font-style:normal;font-weight:normal;background-color:#C0C0C0;\" align=\"left\">\r\n	<span style=\"background-color:;\">第5条 人身攻击的定义：</span><br />\r\n<span style=\"background-color:;\">1、不论任何理由，通过帖子内容、点评内容或站内短信息等任何方式，指名或不指名对他人进行人身攻击或挑衅的行为；</span><br />\r\n<span style=\"background-color:;\">2、受人身攻击后做出类似上1点来回应的行为，等同于人身攻击；</span><br />\r\n<span style=\"background-color:;\">3、恶意侮辱、诽谤社区、产品或管理人员，阻挠/扰乱管理人员执行处理、恶意影响制度公正、不听劝阻并屡次骚扰等行为。</span>\r\n</div>\r\n<div style=\"padding:0px;margin:0px;color:#444444;font-family:Tahoma, Helvetica, sans-serif, Hei;font-size:14px;font-style:normal;font-weight:normal;background-color:#C0C0C0;\" align=\"left\">\r\n	<span style=\"background-color:;\">第6条 恶意评分的定义：</span><br />\r\n<span style=\"background-color:;\">1、不针对帖子观点，而是针对发帖人的扣分；</span><br />\r\n<span style=\"background-color:;\">2、因发泄情绪而对其他会员的扣分；</span><br />\r\n<span style=\"background-color:;\">3、无明确理由的扣分；</span><br />\r\n<span style=\"background-color:;\">4、在受到恶意评分后，回扣对方的扣分。</span>\r\n</div>\r\n<div style=\"padding:0px;margin:0px;color:#444444;font-family:Tahoma, Helvetica, sans-serif, Hei;font-size:14px;font-style:normal;font-weight:normal;background-color:#C0C0C0;\" align=\"left\">\r\n	<br />\r\n<strong><span>第三章 各类违规行为的具体处罚标准</span></strong>\r\n</div>\r\n<div style=\"padding:0px;margin:0px;color:#444444;font-family:Tahoma, Helvetica, sans-serif, Hei;font-size:14px;font-style:normal;font-weight:normal;background-color:#C0C0C0;\" align=\"left\">\r\n	<span style=\"background-color:;\">第7条 恶意灌水处罚标准：</span><br />\r\n<span style=\"background-color:;\">1、在第2条第2类回复类的定义所列举的情况里，如果个人主页在12小时内里出现两次以上（不含两次）恶意灌水，可对其中一个回复进行扣5经验操作；</span><br />\r\n<span style=\"background-color:;\">2、如果个人主页里出现三次以上（不含三次）情况，可对其中任意主题（回复）进行扣除10经验操作，并进行一次警告；</span><br />\r\n<span style=\"background-color:;\">3、如果个人主页里，任意12小时内出现第2条恶意灌水定义所列举的回复超过20条，可以对其进行为期3天的禁止发言。超过50条可禁止发言一星期；灌水量大的会员可联系管理员进行对灌水帖子进行清空。</span><br />\r\n<span style=\"background-color:;\">4、在第2条第2类中的主题类部分，如有违规可对主题进行关闭、删除等操作，删除操作需勾选违规登记，如有屡犯，可对该会员禁止发言7天的处罚；</span><br />\r\n<span style=\"background-color:;\">5、其它如在第二章灌水定义所列举情况后面备注的处罚方式。</span>\r\n</div>\r\n<div style=\"padding:0px;margin:0px;color:#444444;font-family:Tahoma, Helvetica, sans-serif, Hei;font-size:14px;font-style:normal;font-weight:normal;background-color:#C0C0C0;\" align=\"left\">\r\n	<span style=\"background-color:;\">第8条 人身攻击处罚标准</span><br />\r\n<span style=\"background-color:;\">1、每一次发现都将被扣除10经验积分+一次警告，并对帖子进行屏蔽；</span><br />\r\n<span style=\"background-color:;\">2、人身攻击、恶言相辱等记录3次以上（含3次）的可给予禁止发言7天的处罚；</span><br />\r\n<span style=\"background-color:;\">3、情节严重，影响恶劣者，将直接处以最长不超过3个月的禁言。</span>\r\n</div>\r\n<div style=\"padding:0px;margin:0px;color:#444444;font-family:Tahoma, Helvetica, sans-serif, Hei;font-size:14px;font-style:normal;font-weight:normal;background-color:#C0C0C0;\" align=\"left\">\r\n	<span style=\"background-color:;\">第9条 恶意评分处罚标准</span><br />\r\n<span style=\"background-color:;\">1、直接引用快捷评分理由里的文字进行扣分可直接禁言1天；</span><br />\r\n<span style=\"background-color:;\">2、扣分理由直接出现骂人或者人身攻击等直接禁言3天(如“垃圾”、“你妹”、“sb”“烧饼”、“脑残”“NC”“就扣分”等的)；</span><br />\r\n<span style=\"background-color:;\">3、遇到扣分后以报复为目的回扣对方的，扣分超过2次直接禁言3天；</span><br />\r\n<span style=\"background-color:;\">4、无论任何理由对同一会员进行扣分3次以上的可直接禁言3天（（被扣分人主题或回帖违规除外）；</span><br />\r\n<span style=\"background-color:;\">5、上述情况，如有再犯可禁言7天，多次违规可给予7天以上，一个月以内的禁言；</span><br />\r\n<span style=\"background-color:;\">6、禁言操作遵循禁言操作流程。</span>\r\n</div>\r\n<div style=\"padding:0px;margin:0px;color:#444444;font-family:Tahoma, Helvetica, sans-serif, Hei;font-size:14px;font-style:normal;font-weight:normal;background-color:#C0C0C0;\" align=\"left\">\r\n	<span style=\"background-color:;\">第10条 违规宣传性内容处罚标准</span><br />\r\n<span style=\"background-color:;\">1、首次发现将被删除，并处以禁止发言3天处罚；</span><br />\r\n<span style=\"background-color:;\">2、第二次或二次以上发现，将被处以禁止发言3天以上直至永久禁言处罚；</span>\r\n</div>\r\n<div style=\"padding:0px;margin:0px;color:#444444;font-family:Tahoma, Helvetica, sans-serif, Hei;font-size:14px;font-style:normal;font-weight:normal;background-color:#C0C0C0;\" align=\"left\">\r\n	<span style=\"background-color:;\">第11条 恶意内容处罚标准</span><br />\r\n<span style=\"background-color:;\">版主可视情节轻重给予删帖和7天的封禁处罚；情节严重的或屡犯者经版务组讨论通过后可给予永久封禁处罚。</span>\r\n</div>\r\n<div style=\"padding:0px;margin:0px;color:#444444;font-family:Tahoma, Helvetica, sans-serif, Hei;font-size:14px;font-style:normal;font-weight:normal;background-color:#C0C0C0;\" align=\"left\">\r\n	<br />\r\n<strong><span>第四章：禁言操作流程</span></strong>\r\n</div>\r\n<div style=\"padding:0px;margin:0px;color:#444444;font-family:Tahoma, Helvetica, sans-serif, Hei;font-size:14px;font-style:normal;font-weight:normal;background-color:#C0C0C0;\" align=\"left\">\r\n	<span style=\"background-color:;\">第12条：禁止发言操作流程</span>\r\n</div>\r\n<div style=\"padding:0px;margin:0px;color:#444444;font-family:Tahoma, Helvetica, sans-serif, Hei;font-size:14px;font-style:normal;font-weight:normal;background-color:#C0C0C0;\" align=\"left\">\r\n	<span style=\"background-color:;\">1、查看将被处罚会员的个人空间，是否有违规记录；</span><br />\r\n<span style=\"background-color:;\">2、某会员满足被禁言条件后，及时对违规内容进行截图，以便用来存档；</span><br />\r\n<span style=\"background-color:;\">3、将被禁言的会员、违规的证据，集合成一个公示帖在对应的公示版块进行公示。</span><br />\r\n<span style=\"background-color:;\">4、将该链接站内信形式通知被禁言会员。</span>\r\n</div>\r\n<div style=\"padding:0px;margin:0px;color:#444444;font-family:Tahoma, Helvetica, sans-serif, Hei;font-size:14px;font-style:normal;font-weight:normal;background-color:#C0C0C0;\" align=\"left\">\r\n	<span style=\"background-color:;\">附录：</span><br />\r\n<span style=\"background-color:;\">【社区规定】MIUI社区基本管理规定（2011.10.18修订版）</span><br />\r\n<a href=\"http://www.miui.com/thread-7032-1-1.htmlMUI\" target=\"_blank\"><span style=\"background-color:;\">http://www.miui.com/thread-7032-1-1.htmlMUI</span></a>\r\n</div>\r\n<div style=\"padding:0px;margin:0px;color:#444444;font-family:Tahoma, Helvetica, sans-serif, Hei;font-size:14px;font-style:normal;font-weight:normal;background-color:#C0C0C0;\" align=\"left\">\r\n	<span style=\"background-color:;\">MIUI社区违规处罚条例 （内部标准2.11.05版）</span><br />\r\n<a href=\"http://www.miui.com/thread-541667-1-1.html\" target=\"_blank\"><span style=\"background-color:;\">http://www.miui.com/thread-541667-1-1.html</span></a><br />\r\n<br />\r\n<br />\r\n	<div style=\"padding:0px;margin:0px;\" align=\"right\">\r\n		<span style=\"background-color:;\">MIUI社区小米手机2版务组</span><br />\r\n<span style=\"background-color:;\">2012年11月18日</span>\r\n	</div>\r\n</div>','MIUI论坛MIUI（米柚）小米手机2机型讨论版块版规','\r\n	　　首先欢迎各位米粉、机友、会员们来到MIUI社区小米手机2机型讨论版！内容丰富且容易找、整洁有序的版面、良好的秩序和交流互助氛围相信是广大会员都期望看到的，为了这样的版块，版务组制订了本规定：\r\n\r\n\r\n	　　','0','0','pog3/7ccQ5LwI','2013-05-06 11:18:20','2013-05-06 03:18:20',0,'/pblog/page/?id=25','post','',0),(26,7,56,'2013-05-06 11:27:24','2013-05-06 03:27:24','<p style=\"text-indent:2em;\">\r\n	<span style=\"background-color:#FFFFFF;\"><span><span><span style=\"background-color:#FF8C00;\"><strong>【活动时间】<br />\r\n</strong></span></span></span></span><span style=\"background-color:#FFFFFF;\"><span><span>5月11日下午2:00-4:00<br />\r\n</span></span></span><span style=\"background-color:#FF8C00;\"><br />\r\n<span><span><strong><span>【活动地点】</span><br />\r\n</strong></span></span></span><span style=\"background-color:#FFFFFF;\"><span><span><span style=\"background-color:#FF8C00;\"><span><span style=\"background-color:white;\">天津市南开区宾水西道时代奥城商业广场C6-105号 镱墁咖啡</span></span></span></span></span></span>\r\n</p>\r\n<div style=\"padding:0px;margin:0px;color:#444444;font-family:Tahoma,Helvetica,sans-serif,Hei;font-size:14px;font-style:normal;font-weight:normal;background-color:#FFFFFF;\" align=\"left\">\r\n	<span><span><span><span style=\"background-color:#FF8C00;\"><strong>【报名方式】<br />\r\n</strong></span></span></span><span><span><span style=\"background-color:#FCFCFC;\">点击“我要参加”，填写联系方式，留言说明您的报名条件。<br />\r\n<br />\r\n</span></span></span> \r\n	<div style=\"padding:0px;margin:0px;\" align=\"left\">\r\n		<strong><span><span style=\"background-color:#FF8C00;\"><span><span>【报名条件】</span></span></span></span></strong> \r\n	</div>\r\n	<div style=\"padding:0px;margin:0px;\" align=\"left\">\r\n		<span><span><span>论坛积分超过200，志愿者或者女生可放宽要求。</span></span></span> \r\n	</div>\r\n	<div style=\"padding:0px;margin:0px;\" align=\"left\">\r\n		<span><span><span>志愿者需要做什么：提前1.5小时到场布置，或者是在论坛上晒活动。</span></span></span> \r\n	</div>\r\n<br />\r\n	<div style=\"padding:0px;margin:0px;\" align=\"left\">\r\n		<strong><span><span><span><span style=\"background-color:#FF8C00;\">【结果公布】</span></span></span></span></strong> \r\n	</div>\r\n	<div style=\"padding:0px;margin:0px;\" align=\"left\">\r\n		<span><span><span>审核结果将在5月8日公布，并有短信、邮件通知确认。</span></span></span> \r\n	</div>\r\n<br />\r\n	<div style=\"padding:0px;margin:0px;\" align=\"left\">\r\n		<strong><span><span><span><span style=\"background-color:#FF8C00;\">【参加条件】</span></span></span></span></strong> \r\n	</div>\r\n	<div style=\"padding:0px;margin:0px;\" align=\"left\">\r\n		<span><span><span>免费参加，有专家讲座，包吃包喝，还送大礼包！！你还等什么？</span></span></span> \r\n	</div>\r\n<br />\r\n	<div style=\"padding:0px;margin:0px;\" align=\"left\">\r\n		<strong><span><span><span><span style=\"background-color:#FF8C00;\">【沙龙简介】</span></span></span></span></strong> \r\n	</div>\r\n	<div style=\"padding:0px;margin:0px;\" align=\"left\">\r\n		<span><span><span>演讲主题：大家的MIUI —MIUI V5的开发与移植</span></span></span> \r\n	</div>\r\n</span> \r\n	<div style=\"padding:0px;margin:0px;\" align=\"left\">\r\n		<span><span><span><span>主讲嘉宾：王巍（论坛ID：<a href=\"http://www.miui.com/home.php?mod=space&uid=24332838&do=profile\" target=\"_blank\">HackerMi</a>），主要负责MIUI framework 维护与系统升级，patchrom 移植支持等工作。</span></span></span></span> \r\n	</div>\r\n</div>\r\n<p style=\"text-indent:2em;\">\r\n	<br />\r\n</p>\r\n<hr />\r\n<br />\r\n<p>\r\n	<br />\r\n</p>\r\n<p style=\"text-indent:2em;\">\r\n	<iframe src=\"http://localhost/pblog/includes/kindeditor/plugins/baidumap/index.html?center=117.119006%2C39.072327&zoom=15&width=558&height=360&markers=117.119006%2C39.072327&markerStyles=l%2CA\" style=\"width:560px;height:362px;\" frameborder=\"0\">\r\n	</iframe>\r\n</p>','线下沙龙 ','\r\n	【活动时间】\r\n5月11日下午2:00-4:00\r\n\r\n【活动地点】\r\n天津市南开区宾水西道时代奥城商业广场C6-105号 镱墁咖啡\r\n\r\n\r\n	【报名方式】\r\n点击“我要参加”，填写联系方式，留言说明您的报名条件。\r\n\r\n \r\n	\r\n		【报名条件】 \r\n	\r\n	\r\n		论&hellip;','0','0','poXTsRmtZpYCI','2013-05-06 11:31:23','2013-05-06 03:31:23',0,'/pblog/page/?id=26','post','',0),(27,8,5,'2013-05-08 14:27:14','2013-05-08 06:27:14','<h2>\r\n	这是一篇用来测试的新文章\r\n</h2>\r\n<p>\r\n	<img src=\"/pblog/upload/image/20130418/20130418115644_32244.jpg\" alt=\"\" /> \r\n</p>','一篇新文章 ','\r\n	这是一篇用来测试的新文章\r\n\r\n\r\n	 \r&hellip;','0','0','poKUXF6002X5g','2013-05-12 13:28:55','2013-05-12 05:28:55',0,'/pblog/page/?id=27','post','',0);

UNLOCK TABLES;

/*Table structure for table `pb_terms` */

DROP TABLE IF EXISTS `pb_terms`;

CREATE TABLE `pb_terms` (
  `term_id` bigint(20) unsigned NOT NULL AUTO_INCREMENT,
  `term_name` varchar(200) NOT NULL DEFAULT '',
  `term_slug` varchar(200) NOT NULL DEFAULT '',
  `taxonomy` varchar(32) NOT NULL DEFAULT '',
  `description` longtext NOT NULL,
  `parent` bigint(20) unsigned NOT NULL DEFAULT '0',
  `count` bigint(20) NOT NULL DEFAULT '0',
  PRIMARY KEY (`term_id`),
  KEY `taxonomy` (`taxonomy`),
  KEY `term_name_taxonomy` (`term_name`,`taxonomy`),
  KEY `term_slug` (`term_slug`)
) ENGINE=InnoDB AUTO_INCREMENT=57 DEFAULT CHARSET=utf8;

/*Data for the table `pb_terms` */

LOCK TABLES `pb_terms` WRITE;

insert  into `pb_terms`(`term_id`,`term_name`,`term_slug`,`taxonomy`,`description`,`parent`,`count`) values (1,'fasdff','ta1h4K2XTXmkA','tag','',0,5),(2,'方法','taMqjupdgEYGI','tag','',0,10),(3,'心情','cahLg7v4YmMWE','category','',0,4),(5,'搞笑','caQqfyyBgM0FM','category','',0,2),(7,'科技','ca20EbsvCf0rQ','category','',0,4),(8,'额鹅鹅鹅','ca59iNEi0ztnI','category_del','',0,1),(9,'嗯嗯','caiMRxA/7NP6.','category_del','',0,0),(10,'全球','caK2yIYrGChdY','category_del','',0,2),(11,'到底','caFx/JkOcr/ug','category_del','',0,0),(12,'谷歌','caicqpAh5XodQ','category','',0,2),(13,'哈哈的','cavV33kijBEwQ','category_del','',0,0),(14,'哈哈的的','cavV33kijBEwQ','category_del','',0,0),(15,'政治','cai84QaBCCpdc','category_del','',0,2),(16,'vvv','cav47hdSwLTbo','category_del','',0,0),(17,'vvvv','caHAwkbml4B/A','category_del','',0,1),(18,'aaa','caCRTyWl29A0w','category_del','',0,0),(19,'aaaa','caoUEIRPjJZCw','category_del','',0,0),(20,'aaaaa','caubybwf1SsgY','category_del','',0,0),(21,'aaaaaa','caMYxucYQJLV6','category_del','',0,0),(22,'b','cacMuCzHVhcD6','category_del','',0,0),(23,'bbb','caledk4HYp6SM','category_del','',0,0),(24,'c','caqxokosqd8mI','category_del','',0,0),(25,'d','caN5T1tLyHfEc','category_del','',0,0),(26,'dd','ca9nq2kyEyDwE','category_del','',0,0),(27,'ddddasdassadsad','csadas1uw','category_del','daasdasdasdas',0,0),(28,'e','caWvQFuVUy9sM','category_del','',0,0),(29,'ee','ca35iaSy6vpfk','category_del','',0,0),(30,'eee','cayX7Hew8N44M','category_del','',0,0),(31,'eeee','cabsUUQFEyM7s','category_del','',0,0),(32,'eeeee','cazFCzDCPXCik','category_del','',0,0),(33,'eeeeee','ca3Ycmz4/ysfs','category_del','',0,0),(34,'动物','caW5eUGIttzNI','category','',5,0),(35,'测试','ta9reqobZyYAk','tag','',0,0),(36,'测试2','tahI8KldTPVYA','tag','',0,0),(37,'测试3','ta0o7XjzEnyR2','tag','',0,0),(38,'大大大','caon7yH90DjbM','category_del','',0,1),(39,'高兴','gaoxing','category','高兴时写的文章',3,0),(40,'dsadsad','cankWSwsIT8ak','category_del','',0,0),(41,'抑郁','ca7YNgvu7cRiw','category','',3,0),(42,'????','calsrqN.vqsQs','category_del','',3,0),(43,'ereere','caYbPo3aV6D0Y','category_del','',3,0),(44,'兴高采烈','yiyu','category','兴高采烈时写的文章',39,0),(45,'dassa','cafE6ubXpDwYE','category_del','',3,0),(46,'sadassadasdsdsadas','caeSabnRtBsRc','category_del','',3,0),(47,'ggfgfd','caD1UaTcfBclA','category_del','',3,0),(48,'自然','cakk4xIBQUG9A','category','',5,0),(49,'手机','cars4w6ElHLik','category','',7,0),(50,'父类别被删','cars4w6ElHLik','category_del','',0,0),(51,'chrome','capbEVaqZYfNs','category','',12,0),(52,'gmail','caBYSZPgAs46I','category','',12,0),(53,'youtube','ca5gLxakpHlEI','category','',12,0),(54,'fdsafsda','caua7IxR0GCb2','category_del','',0,0),(55,'MIUI','caQAU6i1swuCU','category','',0,1),(56,'小米','ca23Q6l0QPivU','category','',0,1);

UNLOCK TABLES;

/*Table structure for table `pb_users` */

DROP TABLE IF EXISTS `pb_users`;

CREATE TABLE `pb_users` (
  `user_id` bigint(20) unsigned NOT NULL AUTO_INCREMENT,
  `user_login` varchar(60) NOT NULL DEFAULT '',
  `user_pass` varchar(64) NOT NULL DEFAULT '',
  `user_nicename` varchar(50) NOT NULL DEFAULT '',
  `user_displayname` varchar(250) NOT NULL DEFAULT '',
  `user_email` varchar(100) NOT NULL DEFAULT '',
  `user_registered` datetime NOT NULL DEFAULT '0000-00-00 00:00:00',
  `user_registered_gmt` datetime NOT NULL DEFAULT '0000-00-00 00:00:00',
  `user_status` int(11) NOT NULL DEFAULT '0',
  PRIMARY KEY (`user_id`),
  KEY `user_nicename` (`user_nicename`),
  KEY `user_login` (`user_login`)
) ENGINE=InnoDB AUTO_INCREMENT=10 DEFAULT CHARSET=utf8;

/*Data for the table `pb_users` */

LOCK TABLES `pb_users` WRITE;

insert  into `pb_users`(`user_id`,`user_login`,`user_pass`,`user_nicename`,`user_displayname`,`user_email`,`user_registered`,`user_registered_gmt`,`user_status`) values (1,'chingxuds','$P$e87f9feb$b0KC5aEk6Rhgnp28/lPyA1','情绪子','情绪子','chingxuds@gmail.com','2013-03-28 13:40:00','2013-03-28 05:40:00',0),(2,'asdsadsad','$P$630faa05$dXx2vslSoAi5Zktl0u6RO/','嗨嗨','张 海','asdsadsaa','2013-03-28 14:23:56','2013-03-28 06:33:27',0),(3,'test1','$P$5a105e8b$piSnrvfwjKOaiA1mVHiW2.','嗨嗨','张 海','test1@test.test','2013-03-31 10:10:24','2013-03-31 02:10:24',1),(4,'test2','$P$ad023482$gL0dBmmRyAFxHh9aATaf20','你妹','你妹','test2@2','2013-04-07 10:44:31','2013-04-07 02:44:31',1),(5,'aaaaaaaa','$P$3dbe00a1$vXKEkXAo8w7XqhwLSaNCq1','aaa','aaa','aaaaaaaa@sina.com','2013-04-21 20:41:06','2013-04-21 12:42:25',1),(6,'wo94icao188','$P$9cd9fe54$WMua7R8w0nSv21g/29Qyy0','我就是','我就是','haha@yahoo.com','2013-04-21 20:44:49','2013-04-21 12:44:49',0),(7,'woshidahaoren','$P$7036e967$0FKndPkavKfyjbbZfu.5D.','我是大好人','我是大好人','woshi@da.haoren','2013-05-06 11:16:48','2013-05-06 03:16:48',0),(8,'ceshi1','$P$9464c379$9tyTP2x8Rqjcz.RSPt8Ie.','测试1','测试1','ceshi@ceshi.con','2013-05-08 14:26:08','2013-05-08 06:26:08',0),(9,'whjshmily','$P$09ac7e45$M7HDd74x4J2kELBwBVGCi0','君','君','whjshmily@whjshmily.com','2013-05-12 21:20:20','2013-05-12 13:20:20',0);

UNLOCK TABLES;

/*!40101 SET SQL_MODE=@OLD_SQL_MODE */;
/*!40014 SET FOREIGN_KEY_CHECKS=@OLD_FOREIGN_KEY_CHECKS */;
/*!40014 SET UNIQUE_CHECKS=@OLD_UNIQUE_CHECKS */;
/*!40111 SET SQL_NOTES=@OLD_SQL_NOTES */;
